pos,nameorder
1,"Alcaraz, Carlos"
2,"Altmaier, Daniel"
3,"Arnaldi, Matteo"
4,"Atmane, Terence"
5,"Auger-Aliassime, Felix"
6,"Baez, Sebastian"
7,"Basavareddy, Nishesh"
8,"Basilashvili, Nikoloz"
9,"Bautista Agut, Roberto"
10,"Bellucci, Mattia"
11,"Bergs, Zizou"
12,"Berrettini, Matteo"
13,"Blockx, Alexander"
14,"Bonzi, Benjamin"
15,"Borges, Nuno"
16,"Boyer, Tristan"
17,"Brooksby, Jenson"
18,"Bu, Yunchaokete"
19,"Bublik, Alexander"
20,"Carballes Baena, Roberto"
21,"Carreno Busta, Pablo"
22,"Cazaux, Arthur"
23,"Cerundolo, Francisco"
24,"Cerundolo, Juan Manuel"
25,"Cilic, Marin"
26,"Cobolli, Flavio"
27,"Collignon, Raphael"
28,"Comesana, Francisco"
29,"Coric, Borna"
30,"Darderi, Luciano"
31,"Davidovich Fokina, Alejandro"
32,"de Jong, Jesper"
33,"de Minaur, Alex"
34,"Dellien, Hugo"
35,"Diallo, Gabriel"
36,"Dimitrov, Grigor"
37,"Djere, Laslo"
38,"Djokovic, Novak"
39,"Draper, Jack"
40,"Draxl, Liam"
41,"Duckworth, James"
42,"Dzumhur, Damir"
43,"Etcheverry, Tomas Martin"
44,"Faria, Jaime"
45,"Fearnley, Jacob"
46,"Fils, Arthur"
47,"Fonseca, Joao"
48,"Fritz, Taylor"
49,"Fucsovics, Marton"
50,"Garin, Cristian"
51,"Gaston, Hugo"
52,"Giron, Marcos"
53,"Goffin, David"
54,"Griekspoor, Tallon"
55,"Halys, Quentin"
56,"Hijikata, Rinky"
57,"Holt, Brandon"
58,"Humbert, Ugo"
59,"Hurkacz, Hubert"
60,"Jarry, Nicolas"
61,"Kecmanovic, Miomir"
62,"Khachanov, Karen"
63,"Klein, Lukas"
64,"Kopriva, Vit"
65,"Korda, Sebastian"
66,"Kovacevic, Aleksandar"
67,"Lehecka, Jiri"
68,"Machac, Tomas"
69,"Majchrzak, Kamil"
70,"Mannarino, Adrian"
71,"Marozsan, Fabian"
72,"Martinez, Pedro"
73,"McDonald, Mackenzie"
74,"Medjedovic, Hamad"
75,"Medvedev, Daniil"
76,"Mensik, Jakub"
77,"Michelsen, Alex"
78,"Misolic, Filip"
79,"Mochizuki, Shintaro"
80,"Moller, Elmer"
81,"Monfils, Gael"
82,"Moutet, Corentin"
83,"Mpetshi Perricard, Giovanni"
84,"Muller, Alexandre"
85,"Munar, Jaume"
86,"Musetti, Lorenzo"
87,"Nakashima, Brandon"
88,"Nardi, Luca"
89,"Nava, Emilio"
90,"Navone, Mariano"
91,"Nishikori, Kei"
92,"Norrie, Cameron"
93,"O'Connell, Christopher"
94,"Opelka, Reilly"
95,"Passaro, Francesco"
96,"Paul, Tommy"
97,"Popyrin, Alexei"
98,"Prizmic, Dino"
99,"Quinn, Ethan"
100,"Rinderknech, Arthur"
101,"Royer, Valentin"
102,"Rublev, Andrey"
103,"Rune, Holger"
104,"Ruud, Casper"
105,"Safiullin, Roman"
106,"Schoolkate, Tristan"
107,"Shang, Juncheng"
108,"Shapovalov, Denis"
109,"Shelton, Ben"
110,"Shevchenko, Alexander"
111,"Sinner, Jannik"
112,"Sonego, Lorenzo"
113,"Spizzirri, Eliot"
114,"Svrcina, Dalibor"
115,"Taberner, Carlos"
116,"Tabilo, Alejandro"
117,"Thompson, Jordan"
118,"Tiafoe, Frances"
119,"Tien, Learner"
120,"Tirante, Thiago Agustin"
121,"Tseng, Chun-Hsin"
122,"Tsitsipas, Stefanos"
123,"Ugo Carabelli, Camilo"
124,"van de Zandschulp, Botic"
125,"Virtanen, Otto"
126,"Vukic, Aleksandar"
127,"Walton, Adam"
128,"Zverev, Alexander"
